{
  "idle_power_w": 11.180000000000001,
  "gpu_batch1": {
    "power_w": 11.351621621621621,
    "throughput": 407.3721833721834,
    "mj_per_inf": 27.865480474523597
  },
  "gpu_batch128": {
    "power_w": 26.48285714285714,
    "throughput": 33689.60311007841,
    "mj_per_flow": 0.7860839754130158
  },
  "cpu_batch1": {
    "power_w": 16.76181818181818,
    "throughput": 338.37661346509003,
    "mj_per_inf": 49.53598302841186
  }
}