{
  "hardware": "NVIDIA GeForce RTX 3050 6GB Laptop GPU",
  "cuda_blocks": {
    "block1_proj_conv_bn_relu": 61.7,
    "block2_conv_bn_relu_pool": 87.2,
    "block3_bilstm_transposed": 973.8,
    "block3_bilstm_fp16_half2": 601.4,
    "block3_bilstm_no_graphs": 1007.3,
    "block4_dense_head": 20.1
  },
  "cuda_total_graphs": 1142.8,
  "cuda_total_no_graphs": 1176.3,
  "pytorch_blocks": {
    "block1": {
      "cpu": 195.8010007001576,
      "gpu": 293.4659996753908
    },
    "block2": {
      "cpu": 100.22199967352208,
      "gpu": 388.91800068086013
    },
    "block3": {
      "cpu": 1788.4720000438392,
      "gpu": 943.6279997316888
    },
    "block4": {
      "cpu": 28.87600021495018,
      "gpu": 157.22700027254177
    }
  },
  "pytorch_full": {
    "cpu": 3283.1329999680747,
    "gpu": 2270.8350006723776
  },
  "pytorch_block_totals": {
    "cpu": 2113.371000632469,
    "gpu": 1783.2390003604814
  }
}