{
  "Eager PyTorch": {
    "mean_us": 2077.2045994497603,
    "std_us": 153.92111841756406,
    "ci_95_low": 2009.7456949946845,
    "ci_95_high": 2144.663503904836,
    "n_trials": 20,
    "n_iters": 1000,
    "trials": [
      2069.7037080099108,
      2223.7545009993482,
      1986.646669000038,
      1886.7187319992809,
      1844.5784119976452,
      1990.2330659970173,
      1803.2831570017152,
      2047.5673019973326,
      2098.1927379907575,
      2006.8246209993958,
      2036.3929960003588,
      2396.405687002698,
      2114.5157770079095,
      2208.0432329967152,
      2066.446557000745,
      2443.0639850033913,
      2090.1431089878315,
      2091.2376570049673,
      2134.719990004669,
      2005.620091993478
    ]
  },
  "torch.compile": {
    "mean_us": 1776.263776748965,
    "std_us": 192.61333203656395,
    "ci_95_low": 1691.847262002892,
    "ci_95_high": 1860.680291495038,
    "n_trials": 20,
    "n_iters": 1000,
    "trials": [
      1702.8341829864075,
      2183.353992004413,
      1922.0204629964428,
      1841.0059250018094,
      1886.8241669988493,
      2034.6158579923213,
      2074.981375000789,
      1697.999191004783,
      1763.440021997667,
      1732.4511279875878,
      1997.9037399898516,
      1681.0270120040514,
      1725.0853450095747,
      1823.756173995207,
      1532.4077559926081,
      1517.3351030098274,
      1787.241696001729,
      1613.4782400040422,
      1457.2934930038173,
      1550.220671997522
    ]
  },
  "ORT CPU": {
    "mean_us": 522.3068096514908,
    "std_us": 35.46520682175754,
    "ci_95_low": 506.7634974467411,
    "ci_95_high": 537.8501218562404,
    "n_trials": 20,
    "n_iters": 1000,
    "trials": [
      492.3644750087988,
      497.3077830072725,
      566.2490560061997,
      489.87758099974604,
      482.9654330096673,
      494.6631560014793,
      489.2209459940205,
      528.6634369986132,
      495.9853820037097,
      530.2898259978974,
      485.4310649971012,
      504.546942000161,
      505.3633200004697,
      623.4773710020818,
      529.1317170049297,
      531.436361008673,
      544.0619950095424,
      576.2862779956777,
      548.0201719910838,
      530.7938969926909
    ]
  },
  "ORT GPU": {
    "mean_us": 4059.134772951802,
    "std_us": 271.4513652418115,
    "ci_95_low": 3940.1659667197023,
    "ci_95_high": 4178.103579183901,
    "n_trials": 20,
    "n_iters": 1000,
    "trials": [
      3939.8048119910522,
      4254.919651008095,
      4034.98301700165,
      3933.616902009817,
      4402.479807991767,
      4825.978765002219,
      4370.060476998333,
      4208.606515006977,
      4033.2343300106004,
      3647.8260540025076,
      4253.218927013222,
      3953.539943002397,
      4074.736775990459,
      3831.782301000203,
      4169.347314993502,
      3808.605564001482,
      3679.830288994708,
      3841.860838001594,
      3851.2767140055075,
      4066.986461009946
    ]
  },
  "TensorRT": {
    "mean_us": 2777.3868112490163,
    "std_us": 74.94349144822948,
    "ci_95_low": 2744.5413779445307,
    "ci_95_high": 2810.232244553502,
    "n_trials": 20,
    "n_iters": 1000,
    "trials": [
      2687.5521400070284,
      2751.957119005965,
      2737.214092994691,
      2921.848209996824,
      2866.5584410045994,
      2937.2997949976707,
      2861.900980991777,
      2860.0915980059654,
      2788.6566660017706,
      2754.9179189954884,
      2703.7491090013646,
      2639.326163000078,
      2728.058043998317,
      2759.600441000657,
      2731.2044039863395,
      2802.5225159944966,
      2775.185103993863,
      2738.180671003647,
      2756.2324079917744,
      2745.6804030080093
    ]
  },
  "Custom CUDA FP16": {
    "mean_us": 652.422232,
    "std_us": 50.0771707282943,
    "n_trials": 100,
    "note": "Derived from benchmarks/results/cuda_kernel_stats_rtx3050.json: fused_pipeline b124_chained_us + fused_block3_fp16 latency_us (independent binaries, summed mean/variance). Was a bare constant with no variance until 2026-07-01."
  }
}