{
  "num_trials": 10,
  "runs_per_trial": 200,
  "pytorch_cpu_single": {
    "mean": 2735.567899799207,
    "std": 232.28946464787657,
    "ci_low": 2569.3980270791203,
    "ci_high": 2901.737772519294,
    "values": [
      3037.9339987121057,
      2639.0250022814143,
      2849.9850013758987,
      2695.9979986713734,
      2317.315997061087,
      2597.049002361018,
      3004.5089988561813,
      2704.3810005125124,
      2528.8389988418203,
      2980.642999318661
    ]
  },
  "pytorch_gpu_single": {
    "mean": 2346.400499664014,
    "std": 306.6677065528463,
    "ci_low": 2127.0236379432504,
    "ci_high": 2565.777361384778,
    "values": [
      2023.8449978933204,
      2113.3600021130405,
      2104.7810005256906,
      1907.5710006291047,
      2245.9559986600652,
      2412.597998045385,
      2585.581001767423,
      2663.3130000845995,
      2774.0419973270036,
      2632.9579995945096
    ]
  },
  "batch_results": {
    "1": {
      "mean": 2186.017199710477,
      "std": 284.4229556934618,
      "ci_low": 1982.553274138571,
      "ci_high": 2389.4811252823833,
      "values": [
        1879.489002021728,
        2152.4809999391437,
        2070.3919981315266,
        1927.9670013929717,
        2043.0990007298533,
        1959.0000010794029,
        2541.8759978492744,
        2442.6649979432113,
        2123.643000231823,
        2719.5599977858365
      ]
    },
    "32": {
      "mean": 2527.7607008320047,
      "std": 324.5281606786716,
      "ci_low": 2295.607239908559,
      "ci_high": 2759.91416175545,
      "values": [
        2394.427003309829,
        2862.1199999179225,
        2121.852001437219,
        2566.134000517195,
        2235.1810002874117,
        2598.6799992097076,
        2328.665003005881,
        2269.6529995300807,
        2729.2699996905867,
        3171.6250014142133
      ]
    },
    "128": {
      "mean": 9919.900800014148,
      "std": 3019.048063180159,
      "ci_low": 7760.203918560861,
      "ci_high": 12079.597681467434,
      "values": [
        11039.506000088295,
        4128.270000364864,
        4363.750002084998,
        10760.537999885855,
        11343.542002578033,
        11308.802000712603,
        11256.054996920284,
        11246.10999977449,
        11374.427998816827,
        12378.006998915225
      ]
    },
    "256": {
      "mean": 22505.46389950614,
      "std": 1480.3155393322484,
      "ci_low": 21446.509955429126,
      "ci_high": 23564.417843583153,
      "values": [
        22935.940000024857,
        22938.09299953864,
        23350.80099874176,
        22940.71700089262,
        22980.20499802078,
        22968.402998230886,
        18311.84600086999,
        22944.13900017389,
        22848.733999126125,
        22835.760999441845
      ]
    }
  }
}