{
  "Eager PyTorch": {
    "mean_us": 2246.755039550044,
    "std_us": 278.79758377699494,
    "ci_95_low": 2124.5666110895854,
    "ci_95_high": 2368.9434680105023,
    "n_trials": 20,
    "n_iters": 1000,
    "trials": [
      2224.216422000609,
      1998.7956289987778,
      2229.290036000748,
      2148.3741920001194,
      2174.299033000352,
      2093.594623998797,
      1966.2437750012034,
      2029.5125379998356,
      2193.533005000063,
      2098.276115999397,
      2180.815005000113,
      2107.313124000939,
      2061.268770001334,
      2381.6187829997943,
      2574.5522640008858,
      2268.069656998705,
      2083.443110999724,
      2219.40973799974,
      3173.519181998927,
      2728.955787000814
    ]
  },
  "torch.compile": {
    "mean_us": 1776.9603850001658,
    "std_us": 152.2230682971419,
    "ci_95_low": 1710.2456838227895,
    "ci_95_high": 1843.6750861775422,
    "n_trials": 20,
    "n_iters": 1000,
    "trials": [
      2369.379759000367,
      1878.5936980002589,
      1724.742533000608,
      1664.6737570008554,
      1768.4159140007978,
      1676.1776530001953,
      1763.2420110003295,
      1743.1522349997977,
      1703.7668280008802,
      1701.700161998815,
      1708.5217139992892,
      1665.0523130010697,
      1777.6457609998033,
      1725.7098549998773,
      1817.5504229984654,
      1625.1481210001657,
      1733.6105899994436,
      1822.146854001403,
      1767.739265000273,
      1902.238254000622
    ]
  },
  "ORT CPU": {
    "mean_us": 699.1523172998313,
    "std_us": 144.40665571090318,
    "ci_95_low": 635.8633099795258,
    "ci_95_high": 762.4413246201369,
    "n_trials": 20,
    "n_iters": 1000,
    "trials": [
      717.1148139987054,
      836.0137210001994,
      750.4290149990993,
      648.8743669997348,
      791.2811339992913,
      670.9509449992765,
      662.8048880011193,
      724.4555270008277,
      922.4552600007883,
      934.9447459990188,
      984.1926549997879,
      754.1627539994806,
      773.0851340002118,
      672.6265719989897,
      521.8552679998538,
      529.9590039994655,
      526.1875140004122,
      523.8007160005509,
      516.1249299999326,
      521.7273819998809
    ]
  },
  "ORT GPU": {
    "mean_us": 4651.932655200017,
    "std_us": 175.7099573837629,
    "ci_95_low": 4574.924371029414,
    "ci_95_high": 4728.940939370619,
    "n_trials": 20,
    "n_iters": 1000,
    "trials": [
      4253.0910710011085,
      4434.3493260003015,
      4625.3965420000895,
      4569.787410000572,
      4666.595437000069,
      4647.939290998693,
      4647.479414999907,
      4585.818905999986,
      4732.829842998399,
      4779.236047999802,
      4891.417905000708,
      4567.191656999057,
      4733.197032001044,
      4626.780255000995,
      4849.720721000267,
      4336.9576889999735,
      4635.1379829993675,
      4602.324944000429,
      4847.960200999296,
      5005.4414280002675
    ]
  },
  "TensorRT": {
    "mean_us": 2965.5763424501856,
    "std_us": 190.43817624955616,
    "ci_95_low": 2882.1131317595873,
    "ci_95_high": 3049.039553140784,
    "n_trials": 20,
    "n_iters": 1000,
    "trials": [
      3172.8721639992727,
      2979.127848000644,
      2618.6848510005802,
      2805.8267180003895,
      2719.250510001075,
      2932.3286119997647,
      3048.4660160000203,
      3041.099906000454,
      2920.8538379989477,
      3063.5500570006116,
      2987.032246999661,
      3413.447928000096,
      3088.618542000404,
      3026.223561999359,
      3003.1721430004836,
      2767.742255000485,
      2684.509740998692,
      3045.3394600008323,
      3223.2454680015508,
      2770.134983000389
    ]
  },
  "Custom CUDA FP16": {
    "mean_us": 674.0,
    "note": "from compiled kernel benchmark"
  }
}