{
  "dataset": "ToN-IoT",
  "model": "CNN-BiLSTM V3",
  "10_class": {
    "macro_f1": 0.8028732844539261,
    "weighted_f1": 0.8622483248250334,
    "accuracy": 0.8584662038901656
  },
  "5_category": {
    "macro_f1": 0.9302395167766798,
    "weighted_f1": 0.9303176059383431,
    "accuracy": 0.9296358596507853
  },
  "binary": {
    "macro_f1": 0.9559211548314589,
    "weighted_f1": 0.9687305498902694,
    "accuracy": 0.9693667227368571
  }
}