{
    "train_loss": [
        1.0067501408878126,
        0.690999969929143,
        0.6157162473879363,
        0.5634536918288783,
        0.5322446806907654,
        0.5181080742007808,
        0.5111810734849227,
        0.4933132821735583,
        0.48311510158338045,
        0.46880641050338745,
        0.4802486641908947,
        0.4646600620169389,
        0.45432722136346915,
        0.4489652241706848,
        0.4481377072760933,
        0.42910587689751073,
        0.4321888709557684,
        0.43322247358623306,
        0.43387697009036413,
        0.418154206290998,
        0.4286666354355059,
        0.42270140897851244,
        0.4107795959723623,
        0.4070966278954556,
        0.40606057491804426,
        0.40527740254527644
    ],
    "train_acc": [
        0.6390842105263158,
        0.739221052631579,
        0.7625263157894737,
        0.7820105263157895,
        0.7955684210526316,
        0.8041473684210526,
        0.8063052631578947,
        0.8130736842105263,
        0.8165684210526316,
        0.8233789473684211,
        0.8167684210526316,
        0.8219894736842105,
        0.8268315789473685,
        0.8291578947368421,
        0.8287789473684211,
        0.8358526315789474,
        0.8338105263157894,
        0.8336947368421053,
        0.8343684210526315,
        0.8382421052631579,
        0.8340421052631579,
        0.8360631578947368,
        0.840021052631579,
        0.8411368421052632,
        0.8407894736842105,
        0.8422526315789474
    ],
    "train_macro_f1": [
        0.6247735495073122,
        0.7304600909035053,
        0.7547256139859178,
        0.7753841535171995,
        0.7889859120298295,
        0.7971397869815574,
        0.799315081350699,
        0.8060785755023853,
        0.809441284769024,
        0.8164261922233212,
        0.809008218460313,
        0.8151477410173094,
        0.8197687406616831,
        0.822033534444816,
        0.8215476775664081,
        0.8287720207951663,
        0.8256656431174513,
        0.8262971766194995,
        0.8268975681747573,
        0.8312456124220123,
        0.8268979023791563,
        0.8293693526624105,
        0.832618306383001,
        0.8332940001853076,
        0.8338750877555062,
        0.8353543973384021
    ],
    "val_loss": [
        0.7455913488616759,
        0.5070189737171311,
        0.4970885159857263,
        0.46413977431498027,
        0.4356935566187995,
        0.42296239526042095,
        0.7353658230450619,
        0.439893908732854,
        0.38939430134806874,
        0.409805452165727,
        0.5047697357529953,
        0.3811013801967065,
        0.410720073981773,
        0.3761949531276636,
        0.3798330051217631,
        0.3744149221328759,
        0.3702813464090083,
        0.38547492333997607,
        0.36917438803754715,
        0.3648092472844717,
        0.40242462639287974,
        0.36373931620050337,
        0.3644918175506655,
        0.35857629104673816,
        0.35729646531005765,
        0.3592481771939209
    ],
    "val_acc": [
        0.7344642137932669,
        0.7789097111990334,
        0.7988343718164372,
        0.8109644862470089,
        0.814802530266057,
        0.8257954464687626,
        0.7879836053922149,
        0.8321684948707622,
        0.8387547679404866,
        0.8432324859627094,
        0.7957070766898054,
        0.8417162216588879,
        0.830012556563766,
        0.8568077898078609,
        0.8600061598237343,
        0.8610248999028643,
        0.842284820772821,
        0.8508848823710583,
        0.8407922480987468,
        0.843422019000687,
        0.8344191996967472,
        0.8419294463266128,
        0.8542017105356677,
        0.8440616930038617,
        0.8446066004880476,
        0.8453647326399583
    ],
    "val_macro_f1": [
        0.6537752608988389,
        0.6977930071054211,
        0.7352823865550226,
        0.7528342486213224,
        0.754262781187769,
        0.7662475099739259,
        0.7201912770618832,
        0.767535205081171,
        0.7821916636868127,
        0.7760628994398249,
        0.7245205516000928,
        0.7851276439275483,
        0.7659550092885878,
        0.7879699914725834,
        0.7972545047637559,
        0.7981895454734487,
        0.7863763518762085,
        0.7834162275617178,
        0.7849624984274989,
        0.787434700786565,
        0.7751604920502142,
        0.7854636847960188,
        0.7886738099607356,
        0.7880976394718989,
        0.7890482212000683,
        0.7894232410140284
    ]
}