{
    "train_loss": [
        0.2716578423320725,
        0.16132010866956267,
        0.13913190920063676,
        0.12470872431471275,
        0.11719848075482378,
        0.11190237897822755,
        0.10338962706723266,
        0.10078935385501563,
        0.09851462590061974,
        0.09690691446122837,
        0.09216538872654324,
        0.09032325858287933,
        0.08685067597912736,
        0.0851151563463957,
        0.0856911399878076,
        0.08226687084078102,
        0.0818591689029664,
        0.07809247067227176,
        0.07534952403712893,
        0.07667040570552992,
        0.07292727389203547,
        0.07102891164481982,
        0.06886452818948574,
        0.06914586506807344,
        0.0681471100821621,
        0.06510495629687175,
        0.06329571659654844,
        0.06346325361286494,
        0.060226213440234745,
        0.05876676189884112,
        0.05734855709150888,
        0.05502421614155899,
        0.054111124837112286,
        0.05417328008297539,
        0.051759486492985424,
        0.05045593671242379,
        0.0494940432254407,
        0.048332516888954166
    ],
    "train_acc": [
        0.8914554382098597,
        0.9401437681245742,
        0.9482367744121031,
        0.9533107245362529,
        0.9562627732878676,
        0.958299054078704,
        0.9610686937649603,
        0.96216314815711,
        0.9626024189675647,
        0.9634884058564478,
        0.9649923499871569,
        0.9656549788368258,
        0.9669132291243993,
        0.9672147624773385,
        0.9671700908694956,
        0.9682347641897501,
        0.9688266629936678,
        0.9697796572943151,
        0.970714038425028,
        0.9702896581505209,
        0.9714697331243695,
        0.9723445521112919,
        0.9727838229217465,
        0.9725604648825323,
        0.9728396624315501,
        0.9740606863792545,
        0.9746563078171591,
        0.9747568189348055,
        0.9754641193923173,
        0.9758661638629028,
        0.9765436832485194,
        0.9772770421439394,
        0.9773998890655072,
        0.9776158018367476,
        0.9780439047452415,
        0.978606022477264,
        0.9788144899805307,
        0.9793505492746448
    ],
    "train_macro_f1": [
        0.7844672745318007,
        0.9077544505000577,
        0.9261497250697548,
        0.9363865255108836,
        0.9405694427465756,
        0.9435331853448558,
        0.9477130521902362,
        0.9468194355838895,
        0.9470714089423584,
        0.9516161221424166,
        0.9519171635997786,
        0.9510701371312168,
        0.9543158894138554,
        0.9570109563473347,
        0.9562125445577649,
        0.9592707940324189,
        0.9615781132718165,
        0.963186825439489,
        0.95869635723299,
        0.9637495208891773,
        0.9666016641222909,
        0.9671120407781786,
        0.9675966400167304,
        0.9676488089255816,
        0.9682867622274538,
        0.970365924496053,
        0.9687570862566407,
        0.9710185216890427,
        0.9713455056925759,
        0.972914386190762,
        0.9739086807099501,
        0.9746425474765112,
        0.9767824713006578,
        0.9753457701538837,
        0.9776285848857862,
        0.9774573765778056,
        0.9791784685605774,
        0.979765612855984
    ],
    "val_loss": [
        0.17990048921546686,
        0.16582773421974042,
        0.2452807509349809,
        0.12906428749054094,
        0.1171253595847131,
        0.13051219215106524,
        0.11302298377557585,
        0.11240967493003276,
        0.11160283788170733,
        0.11075253054043577,
        0.1076962830938045,
        0.0933976437967294,
        0.09062947210733106,
        0.09600953669695961,
        0.08748233706417481,
        0.08811216682675779,
        0.10247468686778258,
        0.08835206127975836,
        0.07699636664334493,
        0.07261055640260358,
        0.0725893227611227,
        0.09182965309578342,
        0.07222980935301179,
        0.06574633134982569,
        0.06971671462797067,
        0.10018218350600883,
        0.06575449989899765,
        0.06585566671604715,
        0.06724362764424137,
        0.10897015738012489,
        0.055653927685000694,
        0.06715588973371077,
        0.055821072637877216,
        0.05646255923547467,
        0.056436579557753656,
        0.053368382504456545,
        0.05152331661695507,
        0.05356166167932162
    ],
    "val_acc": [
        0.9292324571864714,
        0.9374203528666153,
        0.9179438602708173,
        0.9481501420870786,
        0.9518539467497155,
        0.9491757586495935,
        0.951359878970431,
        0.9549307964372602,
        0.9567639582666058,
        0.9539699197906516,
        0.9576532802693181,
        0.9637013513605605,
        0.9632413572212265,
        0.9626893642540258,
        0.9617864127953333,
        0.9624883297783169,
        0.9604336892892921,
        0.9647576341990309,
        0.9669110882439127,
        0.9681854423780675,
        0.9675721168589556,
        0.9664033910086479,
        0.9671938994555033,
        0.9714428823573507,
        0.9682024791980428,
        0.9657048813896594,
        0.9713406614374988,
        0.9694018713243061,
        0.9692144663045774,
        0.964297640059697,
        0.9745367688648707,
        0.9714837707252915,
        0.9736304100421832,
        0.9737871487859562,
        0.9745299541368806,
        0.9751500943839827,
        0.9751705385679531,
        0.9753681656796669
    ],
    "val_macro_f1": [
        0.5972648889760267,
        0.703672773734576,
        0.6587887602363391,
        0.8136732824756725,
        0.7642882560746356,
        0.8434140596361546,
        0.9067632950318257,
        0.7792889507944077,
        0.9050236091861198,
        0.6865499660321113,
        0.8539574958786347,
        0.8795590135233662,
        0.9147273287503364,
        0.8258755158913008,
        0.8691663235360538,
        0.8428771855247958,
        0.9186350268956478,
        0.8515756845946425,
        0.8521244101953576,
        0.8331282458260155,
        0.9408777481739105,
        0.908568557308484,
        0.9340431245117639,
        0.9251283009504572,
        0.8200634081830629,
        0.9019322123969105,
        0.9535825960134012,
        0.9632980432469196,
        0.9079900930894345,
        0.8598903531099173,
        0.9340680325708606,
        0.9062945423603775,
        0.926179078008046,
        0.9210850664311584,
        0.9360324289420408,
        0.9308782393411308,
        0.9397221864965873,
        0.9324069680838625
    ]
}